Episode,Score,Record,Total Score,Mean Score
1,0,0,0,0.0
2,0,0,0,0.0
3,0,0,0,0.0
4,0,0,0,0.0
5,0,0,0,0.0
6,0,0,0,0.0
7,0,0,0,0.0
8,1,1,1,0.125
9,1,1,2,0.2222222222222222
10,0,1,2,0.2
11,0,1,2,0.18181818181818182
12,0,1,2,0.16666666666666666
13,0,1,2,0.15384615384615385
14,0,1,2,0.14285714285714285
15,0,1,2,0.13333333333333333
16,1,1,3,0.1875
17,0,1,3,0.17647058823529413
18,3,3,6,0.3333333333333333
19,1,3,7,0.3684210526315789
20,1,3,8,0.4
21,0,3,8,0.38095238095238093
22,1,3,9,0.4090909090909091
23,1,3,10,0.43478260869565216
24,1,3,11,0.4583333333333333
25,0,3,11,0.44
26,1,3,12,0.46153846153846156
27,0,3,12,0.4444444444444444
28,0,3,12,0.42857142857142855
29,0,3,12,0.41379310344827586
30,1,3,13,0.43333333333333335
31,0,3,13,0.41935483870967744
32,0,3,13,0.40625
33,0,3,13,0.3939393939393939
34,1,3,14,0.4117647058823529
35,0,3,14,0.4
36,1,3,15,0.4166666666666667
37,0,3,15,0.40540540540540543
38,2,3,17,0.4473684210526316
39,1,3,18,0.46153846153846156
40,0,3,18,0.45
41,0,3,18,0.43902439024390244
42,0,3,18,0.42857142857142855
43,0,3,18,0.4186046511627907
44,0,3,18,0.4090909090909091
45,1,3,19,0.4222222222222222
46,0,3,19,0.41304347826086957
47,0,3,19,0.40425531914893614
48,1,3,20,0.4166666666666667
49,1,3,21,0.42857142857142855
50,2,3,23,0.46
51,0,3,23,0.45098039215686275
52,2,3,25,0.4807692307692308
53,1,3,26,0.49056603773584906
54,0,3,26,0.48148148148148145
55,1,3,27,0.4909090909090909
56,0,3,27,0.48214285714285715
57,1,3,28,0.49122807017543857
58,2,3,30,0.5172413793103449
59,0,3,30,0.5084745762711864
60,1,3,31,0.5166666666666667
61,0,3,31,0.5081967213114754
62,3,3,34,0.5483870967741935
63,1,3,35,0.5555555555555556
64,1,3,36,0.5625
65,1,3,37,0.5692307692307692
66,0,3,37,0.5606060606060606
67,1,3,38,0.5671641791044776
68,3,3,41,0.6029411764705882
69,3,3,44,0.6376811594202898
70,6,6,50,0.7142857142857143
71,1,6,51,0.7183098591549296
72,4,6,55,0.7638888888888888
73,1,6,56,0.7671232876712328
74,3,6,59,0.7972972972972973
75,0,6,59,0.7866666666666666
76,4,6,63,0.8289473684210527
77,0,6,63,0.8181818181818182
78,6,6,69,0.8846153846153846
79,1,6,70,0.8860759493670886
80,0,6,70,0.875
81,1,6,71,0.8765432098765432
82,11,11,82,1.0
83,5,11,87,1.0481927710843373
84,2,11,89,1.0595238095238095
85,3,11,92,1.0823529411764705
86,9,11,101,1.1744186046511629
87,4,11,105,1.206896551724138
88,1,11,106,1.2045454545454546
89,6,11,112,1.2584269662921348
90,4,11,116,1.288888888888889
91,7,11,123,1.3516483516483517
92,9,11,132,1.434782608695652
93,44,44,176,1.89247311827957
94,15,44,191,2.0319148936170213
95,11,44,202,2.126315789473684
96,12,44,214,2.2291666666666665
97,18,44,232,2.3917525773195876
98,47,47,279,2.8469387755102042
99,30,47,309,3.121212121212121
100,42,47,351,3.51
101,69,69,420,4.158415841584159
102,50,69,470,4.607843137254902
103,23,69,493,4.786407766990291
104,30,69,523,5.028846153846154
105,27,69,550,5.238095238095238
106,57,69,607,5.726415094339623
107,42,69,649,6.065420560747664
108,34,69,683,6.324074074074074
109,20,69,703,6.4495412844036695
110,26,69,729,6.627272727272727
111,33,69,762,6.864864864864865
112,21,69,783,6.991071428571429
113,18,69,801,7.088495575221239
114,27,69,828,7.2631578947368425
115,44,69,872,7.582608695652174
116,15,69,887,7.646551724137931
117,27,69,914,7.811965811965812
118,15,69,929,7.872881355932203
119,36,69,965,8.109243697478991
120,57,69,1022,8.516666666666667
121,68,69,1090,9.008264462809917
122,36,69,1126,9.229508196721312
123,21,69,1147,9.325203252032521
124,35,69,1182,9.53225806451613
125,26,69,1208,9.664
126,30,69,1238,9.825396825396826
127,31,69,1269,9.992125984251969
128,59,69,1328,10.375
129,44,69,1372,10.635658914728682
130,26,69,1398,10.753846153846155
131,31,69,1429,10.908396946564885
132,40,69,1469,11.128787878787879
133,39,69,1508,11.338345864661655
134,44,69,1552,11.582089552238806
135,42,69,1594,11.807407407407407
136,19,69,1613,11.860294117647058
137,21,69,1634,11.927007299270073
138,50,69,1684,12.202898550724637
139,56,69,1740,12.517985611510792
140,34,69,1774,12.67142857142857
141,37,69,1811,12.843971631205674
142,44,69,1855,13.06338028169014
143,34,69,1889,13.20979020979021
144,32,69,1921,13.340277777777779
145,30,69,1951,13.455172413793104
146,17,69,1968,13.479452054794521
147,18,69,1986,13.510204081632653
148,63,69,2049,13.844594594594595
149,28,69,2077,13.939597315436242
150,41,69,2118,14.12
151,57,69,2175,14.403973509933774
152,24,69,2199,14.467105263157896
153,17,69,2216,14.483660130718954
154,17,69,2233,14.5
155,37,69,2270,14.64516129032258
156,28,69,2298,14.73076923076923
157,51,69,2349,14.961783439490446
158,23,69,2372,15.012658227848101
159,26,69,2398,15.081761006289309
160,25,69,2423,15.14375
161,8,69,2431,15.099378881987578
162,45,69,2476,15.283950617283951
163,34,69,2510,15.39877300613497
164,43,69,2553,15.567073170731707
165,26,69,2579,15.63030303030303
166,21,69,2600,15.662650602409638
167,24,69,2624,15.7125748502994
168,25,69,2649,15.767857142857142
169,28,69,2677,15.840236686390533
170,21,69,2698,15.870588235294118
171,25,69,2723,15.923976608187134
172,30,69,2753,16.00581395348837
173,23,69,2776,16.046242774566473
174,38,69,2814,16.17241379310345
175,16,69,2830,16.17142857142857
176,19,69,2849,16.1875
177,19,69,2868,16.203389830508474
178,44,69,2912,16.359550561797754
179,20,69,2932,16.379888268156424
180,22,69,2954,16.41111111111111
181,43,69,2997,16.558011049723756
182,21,69,3018,16.582417582417584
183,41,69,3059,16.715846994535518
184,36,69,3095,16.820652173913043
185,28,69,3123,16.88108108108108
186,38,69,3161,16.99462365591398
187,53,69,3214,17.18716577540107
188,23,69,3237,17.21808510638298
189,47,69,3284,17.375661375661377
190,14,69,3298,17.357894736842105
191,45,69,3343,17.50261780104712
192,38,69,3381,17.609375
193,54,69,3435,17.797927461139896
194,29,69,3464,17.855670103092784
195,19,69,3483,17.861538461538462
196,42,69,3525,17.98469387755102
197,30,69,3555,18.04568527918782
198,23,69,3578,18.07070707070707
199,22,69,3600,18.09045226130653
200,25,69,3625,18.125
201,51,69,3676,18.28855721393035
202,47,69,3723,18.43069306930693
203,49,69,3772,18.58128078817734
204,57,69,3829,18.769607843137255
205,27,69,3856,18.809756097560975
206,27,69,3883,18.849514563106798
207,18,69,3901,18.845410628019323
208,61,69,3962,19.048076923076923
209,47,69,4009,19.181818181818183
210,19,69,4028,19.18095238095238
211,21,69,4049,19.18957345971564
212,36,69,4085,19.2688679245283
213,47,69,4132,19.399061032863848
214,12,69,4144,19.364485981308412
215,38,69,4182,19.451162790697673
216,28,69,4210,19.49074074074074
217,22,69,4232,19.502304147465438
218,41,69,4273,19.60091743119266
219,39,69,4312,19.689497716894977
220,51,69,4363,19.831818181818182
221,56,69,4419,19.995475113122172
222,29,69,4448,20.036036036036037
223,44,69,4492,20.143497757847534
224,23,69,4515,20.15625
225,57,69,4572,20.32
226,44,69,4616,20.424778761061948
227,18,69,4634,20.41409691629956
228,28,69,4662,20.44736842105263
229,24,69,4686,20.46288209606987
230,31,69,4717,20.508695652173913
231,25,69,4742,20.528138528138527
232,21,69,4763,20.530172413793103
233,26,69,4789,20.553648068669528
234,22,69,4811,20.55982905982906
235,19,69,4830,20.5531914893617
236,58,69,4888,20.71186440677966
237,31,69,4919,20.755274261603375
238,40,69,4959,20.83613445378151
239,45,69,5004,20.93723849372385
240,18,69,5022,20.925
241,40,69,5062,21.00414937759336
242,41,69,5103,21.08677685950413
243,17,69,5120,21.069958847736626
244,48,69,5168,21.18032786885246
245,13,69,5181,21.146938775510204
246,20,69,5201,21.142276422764226
247,25,69,5226,21.157894736842106
248,45,69,5271,21.254032258064516
249,26,69,5297,21.27309236947791
250,26,69,5323,21.292
251,27,69,5350,21.314741035856574
252,21,69,5371,21.313492063492063
253,25,69,5396,21.32806324110672
254,66,69,5462,21.503937007874015
255,48,69,5510,21.607843137254903
256,32,69,5542,21.6484375
257,6,69,5548,21.587548638132297
258,23,69,5571,21.593023255813954
259,35,69,5606,21.644787644787645
260,47,69,5653,21.74230769230769
261,34,69,5687,21.78927203065134
262,31,69,5718,21.82442748091603
263,15,69,5733,21.79847908745247
264,46,69,5779,21.890151515151516
265,29,69,5808,21.91698113207547
266,52,69,5860,22.030075187969924
267,43,69,5903,22.10861423220974
268,28,69,5931,22.130597014925375
269,64,69,5995,22.286245353159853
270,29,69,6024,22.31111111111111
271,29,69,6053,22.33579335793358
272,31,69,6084,22.36764705882353
273,12,69,6096,22.32967032967033
274,19,69,6115,22.317518248175183
275,21,69,6136,22.312727272727273
276,48,69,6184,22.405797101449274
277,21,69,6205,22.40072202166065
278,41,69,6246,22.467625899280577
279,20,69,6266,22.45878136200717
280,52,69,6318,22.564285714285713
281,36,69,6354,22.612099644128115
282,44,69,6398,22.68794326241135
283,27,69,6425,22.703180212014136
284,18,69,6443,22.68661971830986
285,47,69,6490,22.771929824561404
286,32,69,6522,22.804195804195803
287,27,69,6549,22.818815331010452
288,30,69,6579,22.84375
289,21,69,6600,22.837370242214533
290,19,69,6619,22.824137931034482
291,31,69,6650,22.852233676975946
292,23,69,6673,22.852739726027398
293,43,69,6716,22.92150170648464
294,41,69,6757,22.982993197278912
295,37,69,6794,23.030508474576273
296,40,69,6834,23.08783783783784
297,41,69,6875,23.14814814814815
298,48,69,6923,23.231543624161073
299,34,69,6957,23.267558528428093
300,46,69,7003,23.343333333333334
301,45,69,7048,23.41528239202658
302,75,75,7123,23.58609271523179
303,50,75,7173,23.673267326732674
304,46,75,7219,23.74671052631579
305,36,75,7255,23.78688524590164
306,60,75,7315,23.905228758169933
307,11,75,7326,23.863192182410423
308,19,75,7345,23.8474025974026
309,46,75,7391,23.919093851132686
310,42,75,7433,23.97741935483871
311,63,75,7496,24.10289389067524
312,34,75,7530,24.134615384615383
313,33,75,7563,24.162939297124602
314,36,75,7599,24.20063694267516
315,26,75,7625,24.206349206349206
316,18,75,7643,24.186708860759495
317,46,75,7689,24.255520504731862
318,39,75,7728,24.30188679245283
319,39,75,7767,24.34796238244514
320,28,75,7795,24.359375
321,43,75,7838,24.417445482866043
322,45,75,7883,24.481366459627328
323,18,75,7901,24.461300309597522
324,38,75,7939,24.503086419753085
325,29,75,7968,24.516923076923078
326,44,75,8012,24.57668711656442
327,28,75,8040,24.587155963302752
328,40,75,8080,24.634146341463413
329,45,75,8125,24.696048632218844
330,41,75,8166,24.745454545454546
331,34,75,8200,24.773413897280967
332,42,75,8242,24.825301204819276
333,18,75,8260,24.804804804804803
334,43,75,8303,24.85928143712575
335,38,75,8341,24.898507462686567
336,48,75,8389,24.967261904761905
337,24,75,8413,24.96439169139466
338,38,75,8451,25.002958579881657
339,33,75,8484,25.02654867256637
340,33,75,8517,25.05
341,36,75,8553,25.082111436950147
342,49,75,8602,25.15204678362573
343,37,75,8639,25.186588921282798
344,22,75,8661,25.177325581395348
345,26,75,8687,25.179710144927537
346,16,75,8703,25.153179190751445
347,19,75,8722,25.135446685878964
348,40,75,8762,25.17816091954023
349,15,75,8777,25.148997134670488
350,47,75,8824,25.21142857142857
351,16,75,8840,25.185185185185187
352,35,75,8875,25.213068181818183
353,39,75,8914,25.25212464589235
354,38,75,8952,25.28813559322034
355,33,75,8985,25.309859154929576
356,22,75,9007,25.30056179775281
357,38,75,9045,25.33613445378151
358,21,75,9066,25.324022346368714
359,24,75,9090,25.32033426183844
360,38,75,9128,25.355555555555554
361,22,75,9150,25.346260387811633
362,24,75,9174,25.34254143646409
363,26,75,9200,25.34435261707989
364,31,75,9231,25.35989010989011
365,42,75,9273,25.405479452054795
366,18,75,9291,25.385245901639344
367,45,75,9336,25.438692098092645
368,24,75,9360,25.434782608695652
369,11,75,9371,25.395663956639567
370,35,75,9406,25.42162162162162
371,61,75,9467,25.51752021563342
372,33,75,9500,25.537634408602152
373,27,75,9527,25.541554959785522
374,50,75,9577,25.606951871657753
375,24,75,9601,25.602666666666668
376,11,75,9612,25.56382978723404
377,52,75,9664,25.63395225464191
378,28,75,9692,25.64021164021164
379,42,75,9734,25.683377308707126
380,63,75,9797,25.78157894736842
381,57,75,9854,25.863517060367453
382,33,75,9887,25.88219895287958
383,30,75,9917,25.89295039164491
384,50,75,9967,25.955729166666668
385,36,75,10003,25.98181818181818
386,16,75,10019,25.9559585492228
387,46,75,10065,26.007751937984494
388,18,75,10083,25.987113402061855
389,33,75,10116,26.005141388174806
390,40,75,10156,26.04102564102564
391,20,75,10176,26.025575447570333
392,72,75,10248,26.142857142857142
393,39,75,10287,26.17557251908397
394,25,75,10312,26.17258883248731
395,20,75,10332,26.156962025316457
396,28,75,10360,26.161616161616163
397,24,75,10384,26.15617128463476
398,32,75,10416,26.170854271356784
399,30,75,10446,26.18045112781955
400,26,75,10472,26.18
401,26,75,10498,26.179551122194514
402,32,75,10530,26.19402985074627
403,29,75,10559,26.200992555831267
404,15,75,10574,26.173267326732674
405,35,75,10609,26.19506172839506
406,30,75,10639,26.204433497536947
407,37,75,10676,26.23095823095823
408,28,75,10704,26.235294117647058
409,35,75,10739,26.25672371638142
410,14,75,10753,26.226829268292683
411,27,75,10780,26.228710462287104
412,40,75,10820,26.262135922330096
413,41,75,10861,26.297820823244553
414,52,75,10913,26.35990338164251
415,29,75,10942,26.366265060240963
416,31,75,10973,26.377403846153847
417,29,75,11002,26.38369304556355
418,36,75,11038,26.406698564593302
419,18,75,11056,26.386634844868734
420,19,75,11075,26.36904761904762
421,43,75,11118,26.40855106888361
422,38,75,11156,26.436018957345972
423,24,75,11180,26.430260047281322
424,34,75,11214,26.44811320754717
425,18,75,11232,26.42823529411765
426,32,75,11264,26.441314553990612
427,19,75,11283,26.423887587822016
428,13,75,11296,26.39252336448598
429,29,75,11325,26.3986013986014
430,41,75,11366,26.432558139534883
431,21,75,11387,26.4199535962877
432,25,75,11412,26.416666666666668
433,20,75,11432,26.401847575057737
434,50,75,11482,26.456221198156683
435,43,75,11525,26.49425287356322
436,24,75,11549,26.488532110091743
437,29,75,11578,26.494279176201374
438,20,75,11598,26.47945205479452
439,55,75,11653,26.544419134396357
440,62,75,11715,26.625
441,32,75,11747,26.63718820861678
442,19,75,11766,26.619909502262445
443,33,75,11799,26.63431151241535
444,31,75,11830,26.644144144144143
445,34,75,11864,26.660674157303372
446,37,75,11901,26.683856502242154
447,42,75,11943,26.71812080536913
448,31,75,11974,26.727678571428573
449,31,75,12005,26.737193763919823
450,28,75,12033,26.74
451,50,75,12083,26.79157427937916
452,40,75,12123,26.82079646017699
453,29,75,12152,26.82560706401766
454,20,75,12172,26.81057268722467
455,27,75,12199,26.81098901098901
456,67,75,12266,26.899122807017545
457,39,75,12305,26.925601750547045
458,17,75,12322,26.903930131004365
459,36,75,12358,26.923747276688452
460,64,75,12422,27.004347826086956
461,12,75,12434,26.97180043383948
462,10,75,12444,26.935064935064936
463,12,75,12456,26.90280777537797
464,21,75,12477,26.89008620689655
465,33,75,12510,26.903225806451612
466,34,75,12544,26.918454935622318
467,15,75,12559,26.89293361884368
468,46,75,12605,26.933760683760685
469,29,75,12634,26.93816631130064
470,38,75,12672,26.961702127659574
471,45,75,12717,27.0
472,28,75,12745,27.002118644067796
473,16,75,12761,26.978858350951374
474,43,75,12804,27.0126582278481
475,27,75,12831,27.012631578947367
476,39,75,12870,27.037815126050422
477,21,75,12891,27.0251572327044
478,18,75,12909,27.006276150627617
479,74,75,12983,27.104384133611692
480,26,75,13009,27.102083333333333
481,39,75,13048,27.126819126819125
482,48,75,13096,27.1701244813278
483,42,75,13138,27.200828157349896
484,23,75,13161,27.19214876033058
485,57,75,13218,27.25360824742268
486,28,75,13246,27.255144032921812
487,47,75,13293,27.295687885010267
488,31,75,13324,27.30327868852459
489,14,75,13338,27.2760736196319
490,29,75,13367,27.279591836734692
491,28,75,13395,27.281059063136457
492,47,75,13442,27.321138211382113
493,45,75,13487,27.356997971602436
494,42,75,13529,27.38663967611336
495,33,75,13562,27.397979797979797
496,29,75,13591,27.401209677419356
497,47,75,13638,27.440643863179073
498,43,75,13681,27.471887550200805
499,51,75,13732,27.519038076152306
500,22,75,13754,27.508
501,33,75,13787,27.518962075848304
502,24,75,13811,27.51195219123506
503,32,75,13843,27.520874751491053
504,34,75,13877,27.533730158730158
505,47,75,13924,27.572277227722772
506,63,75,13987,27.642292490118578
507,29,75,14016,27.644970414201183
508,33,75,14049,27.655511811023622
509,32,75,14081,27.664047151277014
510,42,75,14123,27.692156862745097
511,68,75,14191,27.771037181996086
512,46,75,14237,27.806640625
513,49,75,14286,27.84795321637427
514,46,75,14332,27.883268482490273
515,49,75,14381,27.924271844660193
516,11,75,14392,27.891472868217054
517,7,75,14399,27.851063829787233
518,38,75,14437,27.87065637065637
519,34,75,14471,27.88246628131021
520,20,75,14491,27.86730769230769
521,47,75,14538,27.904030710172744
522,21,75,14559,27.89080459770115
523,27,75,14586,27.889101338432123
524,20,75,14606,27.874045801526716
525,43,75,14649,27.902857142857144
526,30,75,14679,27.90684410646388
527,30,75,14709,27.910815939278937
528,17,75,14726,27.890151515151516
529,23,75,14749,27.880907372400756
530,35,75,14784,27.89433962264151
531,12,75,14796,27.864406779661017
532,31,75,14827,27.8703007518797
533,50,75,14877,27.911819887429644
534,34,75,14911,27.923220973782772
535,40,75,14951,27.945794392523364
536,42,75,14993,27.972014925373134
537,48,75,15041,28.009310986964618
538,36,75,15077,28.024163568773233
539,42,75,15119,28.05009276437848
540,47,75,15166,28.085185185185185
541,26,75,15192,28.08133086876155
542,17,75,15209,28.06088560885609
543,23,75,15232,28.051565377532228
544,7,75,15239,28.012867647058822
545,51,75,15290,28.05504587155963
546,53,75,15343,28.100732600732602
547,28,75,15371,28.10054844606947
548,51,75,15422,28.142335766423358
549,15,75,15437,28.1183970856102
550,24,75,15461,28.11090909090909
551,29,75,15490,28.112522686025407
552,49,75,15539,28.15036231884058
553,38,75,15577,28.168173598553345
554,24,75,15601,28.160649819494584
555,25,75,15626,28.154954954954956
556,56,75,15682,28.205035971223023
557,67,75,15749,28.274685816876122
558,26,75,15775,28.270609318996417
559,41,75,15816,28.293381037567084
560,18,75,15834,28.275
561,32,75,15866,28.281639928698752
562,52,75,15918,28.323843416370106
563,37,75,15955,28.339253996447603
564,22,75,15977,28.328014184397162
565,24,75,16001,28.320353982300883
566,51,75,16052,28.36042402826855
567,26,75,16078,28.35626102292769
568,22,75,16100,28.345070422535212
569,35,75,16135,28.35676625659051
570,44,75,16179,28.38421052631579
571,43,75,16222,28.409807355516637
572,61,75,16283,28.466783216783217
573,33,75,16316,28.474694589877835
574,16,75,16332,28.45296167247387
575,44,75,16376,28.48
576,42,75,16418,28.50347222222222
577,29,75,16447,28.504332755632582
578,40,75,16487,28.524221453287197
579,55,75,16542,28.569948186528496
580,23,75,16565,28.560344827586206
581,22,75,16587,28.549053356282272
582,53,75,16640,28.59106529209622
583,47,75,16687,28.62264150943396
584,34,75,16721,28.631849315068493
585,15,75,16736,28.60854700854701
586,47,75,16783,28.639931740614333
587,45,75,16828,28.667802385008518
588,24,75,16852,28.65986394557823
589,43,75,16895,28.68421052631579
590,54,75,16949,28.727118644067797
591,31,75,16980,28.730964467005077
592,32,75,17012,28.736486486486488
593,20,75,17032,28.72175379426644
594,15,75,17047,28.698653198653197
595,61,75,17108,28.75294117647059
596,27,75,17135,28.75
597,44,75,17179,28.775544388609717
598,35,75,17214,28.785953177257525
599,40,75,17254,28.804674457429048
600,13,75,17267,28.778333333333332
601,53,75,17320,28.81863560732113
602,32,75,17352,28.823920265780732
603,18,75,17370,28.80597014925373
604,33,75,17403,28.81291390728477
605,43,75,17446,28.836363636363636
606,17,75,17463,28.816831683168317
607,29,75,17492,28.817133443163097
608,15,75,17507,28.794407894736842
609,23,75,17530,28.78489326765189
610,48,75,17578,28.81639344262295
611,13,75,17591,28.79050736497545
612,25,75,17616,28.784313725490197
613,22,75,17638,28.773246329526916
614,19,75,17657,28.757328990228014
615,52,75,17709,28.795121951219514
616,51,75,17760,28.83116883116883
617,18,75,17778,28.81361426256078
618,42,75,17820,28.83495145631068
619,38,75,17858,28.849757673667206
620,5,75,17863,28.811290322580646
621,51,75,17914,28.847020933977454
622,22,75,17936,28.836012861736336
623,35,75,17971,28.84590690208668
624,35,75,18006,28.85576923076923
625,38,75,18044,28.8704
626,40,75,18084,28.88817891373802
627,69,75,18153,28.952153110047846
628,25,75,18178,28.945859872611464
629,20,75,18198,28.931637519872815
630,35,75,18233,28.94126984126984
631,48,75,18281,28.97147385103011
632,18,75,18299,28.954113924050635
633,29,75,18328,28.954186413902054
634,49,75,18377,28.985804416403784
635,28,75,18405,28.984251968503937
636,51,75,18456,29.0188679245283
637,47,75,18503,29.047095761381474
638,20,75,18523,29.03291536050157
639,9,75,18532,29.001564945226917
640,54,75,18586,29.040625
641,69,75,18655,29.102964118564742
642,11,75,18666,29.074766355140188
643,49,75,18715,29.105754276827373
644,36,75,18751,29.116459627329192
645,26,75,18777,29.111627906976743
646,38,75,18815,29.125386996904023
647,31,75,18846,29.128284389489952
648,38,75,18884,29.141975308641975
649,43,75,18927,29.1633281972265
650,59,75,18986,29.209230769230768
651,34,75,19020,29.216589861751153
652,41,75,19061,29.234662576687118
653,32,75,19093,29.238897396630936
654,37,75,19130,29.250764525993883
655,26,75,19156,29.245801526717557
656,34,75,19190,29.253048780487806
657,49,75,19239,29.28310502283105
658,39,75,19278,29.29787234042553
659,65,75,19343,29.352048558421853
660,54,75,19397,29.38939393939394
661,66,75,19463,29.444780635400907
662,41,75,19504,29.462235649546827
663,19,75,19523,29.446455505279033
664,36,75,19559,29.45632530120482
665,63,75,19622,29.506766917293234
666,29,75,19651,29.506006006006007
667,22,75,19673,29.494752623688157
668,38,75,19711,29.50748502994012
669,27,75,19738,29.50373692077728
670,28,75,19766,29.501492537313432
671,19,75,19785,29.485842026825633
672,62,75,19847,29.53422619047619
673,52,75,19899,29.567607726597327
674,27,75,19926,29.56379821958457
675,26,75,19952,29.558518518518518
676,40,75,19992,29.57396449704142
677,41,75,20033,29.590841949778433
678,36,75,20069,29.600294985250738
679,15,75,20084,29.57879234167894
680,28,75,20112,29.576470588235296
681,32,75,20144,29.580029368575623
682,31,75,20175,29.582111436950147
683,26,75,20201,29.576866764275255
684,27,75,20228,29.573099415204677
685,45,75,20273,29.595620437956203
686,35,75,20308,29.603498542274053
687,40,75,20348,29.61863173216885
688,35,75,20383,29.626453488372093
689,38,75,20421,29.638606676342526
690,19,75,20440,29.6231884057971
691,43,75,20483,29.642547033285094
692,21,75,20504,29.63005780346821
693,25,75,20529,29.623376623376622
694,27,75,20556,29.619596541786745
695,43,75,20599,29.63884892086331
696,52,75,20651,29.67097701149425
697,29,75,20680,29.670014347202297
698,34,75,20714,29.67621776504298
699,37,75,20751,29.686695278969957
700,33,75,20784,29.69142857142857
701,34,75,20818,29.697574893009985
702,52,75,20870,29.729344729344728
703,62,75,20932,29.77524893314367
704,45,75,20977,29.796875
705,36,75,21013,29.805673758865247
706,39,75,21052,29.81869688385269
707,21,75,21073,29.806223479490807
708,29,75,21102,29.805084745762713
709,25,75,21127,29.798307475317348
710,20,75,21147,29.78450704225352
711,42,75,21189,29.80168776371308
712,38,75,21227,29.81320224719101
713,26,75,21253,29.807854137447407
714,38,75,21291,29.819327731092436
715,33,75,21324,29.823776223776225
716,47,75,21371,29.84776536312849
717,74,75,21445,29.909344490934448
718,39,75,21484,29.922005571030642
719,24,75,21508,29.91376912378303
720,21,75,21529,29.90138888888889
721,23,75,21552,29.891816920943135
722,24,75,21576,29.883656509695292
723,36,75,21612,29.892116182572614
724,50,75,21662,29.91988950276243
725,25,75,21687,29.913103448275862
726,32,75,21719,29.915977961432507
727,27,75,21746,29.911966987620357
728,36,75,21782,29.92032967032967
729,21,75,21803,29.90809327846365
730,36,75,21839,29.916438356164385
731,26,75,21865,29.91108071135431
732,44,75,21909,29.93032786885246
733,28,75,21937,29.92769440654843
734,24,75,21961,29.919618528610354
735,43,75,22004,29.937414965986395
736,15,75,22019,29.91711956521739
737,35,75,22054,29.92401628222524
738,17,75,22071,29.90650406504065
739,21,75,22092,29.89445196211096
740,32,75,22124,29.897297297297296
741,32,75,22156,29.900134952766532
742,49,75,22205,29.92587601078167
743,28,75,22233,29.92328398384926
744,36,75,22269,29.931451612903224
745,42,75,22311,29.94765100671141
746,38,75,22349,29.958445040214478
747,9,75,22358,29.930388219544845
748,39,75,22397,29.942513368983956
749,20,75,22417,29.929238985313752
750,62,75,22479,29.972
751,51,75,22530,30.0
752,37,75,22567,30.0093085106383
753,31,75,22598,30.01062416998672
754,22,75,22620,30.0
755,13,75,22633,29.97748344370861
756,46,75,22679,29.99867724867725
757,49,75,22728,30.023778071334213
758,24,75,22752,30.015831134564642
759,20,75,22772,30.00263504611331
760,12,75,22784,29.978947368421053
761,36,75,22820,29.986859395532193
762,74,75,22894,30.04461942257218
763,41,75,22935,30.05897771952818
764,13,75,22948,30.036649214659686
765,39,75,22987,30.048366013071895
766,34,75,23021,30.053524804177545
767,29,75,23050,30.052151238591918
768,17,75,23067,30.03515625
769,17,75,23084,30.01820546163849
770,25,75,23109,30.01168831168831
771,23,75,23132,30.00259403372244
772,34,75,23166,30.007772020725387
773,24,75,23190,30.0
774,7,75,23197,29.970284237726098
775,26,75,23223,29.96516129032258
776,25,75,23248,29.95876288659794
777,31,75,23279,29.96010296010296
778,31,75,23310,29.961439588688947
779,40,75,23350,29.974326059050064
780,67,75,23417,30.02179487179487
781,36,75,23453,30.02944942381562
782,19,75,23472,30.015345268542198
783,50,75,23522,30.04086845466156
784,68,75,23590,30.089285714285715
785,31,75,23621,30.090445859872613
786,79,79,23700,30.15267175572519
787,37,79,23737,30.161372299872934
788,33,79,23770,30.16497461928934
789,38,79,23808,30.174904942965778
790,24,79,23832,30.167088607594938
791,14,79,23846,30.146649810366625
792,16,79,23862,30.12878787878788
793,28,79,23890,30.12610340479193
794,26,79,23916,30.120906801007557
795,44,79,23960,30.138364779874212
796,15,79,23975,30.11934673366834
797,25,79,24000,30.1129234629862
798,25,79,24025,30.106516290726816
799,26,79,24051,30.101376720901126
800,17,79,24068,30.085
801,44,79,24112,30.102372034956304
802,24,79,24136,30.094763092269325
803,45,79,24181,30.11332503113325
804,37,79,24218,30.121890547263682
805,48,79,24266,30.144099378881986
806,48,79,24314,30.166253101736974
807,64,79,24378,30.20817843866171
808,41,79,24419,30.221534653465348
809,29,79,24448,30.22002472187886
810,48,79,24496,30.241975308641976
811,29,79,24525,30.240443896424168
812,26,79,24551,30.235221674876847
813,26,79,24577,30.230012300123
814,42,79,24619,30.244471744471745
815,39,79,24658,30.25521472392638
816,20,79,24678,30.24264705882353
817,27,79,24705,30.238678090575274
818,18,79,24723,30.223716381418093
819,20,79,24743,30.21123321123321
820,37,79,24780,30.21951219512195
821,46,79,24826,30.238733252131546
822,41,79,24867,30.251824817518248
823,33,79,24900,30.25516403402187
824,46,79,24946,30.274271844660195
825,31,79,24977,30.275151515151514
826,16,79,24993,30.257869249394673
827,15,79,25008,30.239419588875453
828,44,79,25052,30.256038647342994
829,24,79,25076,30.248492159227986
830,28,79,25104,30.24578313253012
831,31,79,25135,30.246690734055356
832,22,79,25157,30.236778846153847
833,8,79,25165,30.210084033613445
834,37,79,25202,30.218225419664268
835,53,79,25255,30.24550898203593
836,29,79,25284,30.24401913875598
837,49,79,25333,30.26642771804062
838,23,79,25356,30.257756563245824
839,49,79,25405,30.28009535160906
840,29,79,25434,30.27857142857143
841,35,79,25469,30.284185493460168
842,9,79,25478,30.258907363420427
843,8,79,25486,30.23250296559905
844,39,79,25525,30.242890995260662
845,43,79,25568,30.257988165680473
846,39,79,25607,30.268321513002363
847,21,79,25628,30.257378984651712
848,31,79,25659,30.25825471698113
849,27,79,25686,30.25441696113074
850,58,79,25744,30.28705882352941
851,21,79,25765,30.27614571092832
852,43,79,25808,30.291079812206572
853,24,79,25832,30.283704572098475
854,40,79,25872,30.295081967213115
855,42,79,25914,30.308771929824562
856,23,79,25937,30.300233644859812
857,24,79,25961,30.292882147024503
858,14,79,25975,30.273892773892776
859,50,79,26025,30.29685681024447
860,30,79,26055,30.296511627906977
861,50,79,26105,30.319396051103368
862,31,79,26136,30.320185614849187
863,53,79,26189,30.34646581691773
864,16,79,26205,30.32986111111111
865,37,79,26242,30.33757225433526
866,34,79,26276,30.341801385681293
867,35,79,26311,30.347174163783162
868,45,79,26356,30.36405529953917
869,26,79,26382,30.3590333716916
870,18,79,26400,30.344827586206897
871,31,79,26431,30.34557979334099
872,48,79,26479,30.365825688073393
873,50,79,26529,30.388316151202748
874,20,79,26549,30.376430205949656
875,50,79,26599,30.398857142857143
876,72,79,26671,30.44634703196347
877,31,79,26702,30.44697833523375
878,20,79,26722,30.43507972665148
879,22,79,26744,30.4254835039818
880,50,79,26794,30.447727272727274
881,51,79,26845,30.47105561861521
882,31,79,26876,30.471655328798185
883,23,79,26899,30.463193657984146
884,25,79,26924,30.457013574660632
885,38,79,26962,30.46553672316384
886,38,79,27000,30.474040632054177
887,46,79,27046,30.491544532130778
888,12,79,27058,30.47072072072072
889,17,79,27075,30.45556805399325
890,21,79,27096,30.44494382022472
891,47,79,27143,30.463524130190798
892,44,79,27187,30.478699551569505
893,37,79,27224,30.486002239641657
894,41,79,27265,30.497762863534675
895,35,79,27300,30.502793296089386
896,33,79,27333,30.505580357142858
897,39,79,27372,30.51505016722408
898,28,79,27400,30.51224944320713
899,28,79,27428,30.509454949944384
900,34,79,27462,30.513333333333332
901,35,79,27497,30.518312985571587
902,32,79,27529,30.519955654101995
903,14,79,27543,30.501661129568106
904,54,79,27597,30.527654867256636
905,41,79,27638,30.539226519337017
906,39,79,27677,30.548565121412803
907,25,79,27702,30.54244762954796
908,40,79,27742,30.55286343612335
909,23,79,27765,30.544554455445546
910,50,79,27815,30.565934065934066
911,27,79,27842,30.562019758507134
912,27,79,27869,30.55811403508772
913,55,79,27924,30.58488499452355
914,26,79,27950,30.579868708971553
915,57,79,28007,30.608743169398906
916,51,79,28058,30.631004366812228
917,32,79,28090,30.63249727371865
918,33,79,28123,30.635076252723312
919,21,79,28144,30.624591947769314
920,32,79,28176,30.62608695652174
921,47,79,28223,30.64386536373507
922,41,79,28264,30.655097613882862
923,40,79,28304,30.66522210184182
924,35,79,28339,30.66991341991342
925,18,79,28357,30.656216216216215
926,41,79,28398,30.667386609071276
927,5,79,28403,30.639697950377563
928,38,79,28441,30.64762931034483
929,13,79,28454,30.628632938643705
930,32,79,28486,30.63010752688172
931,37,79,28523,30.636949516648766
932,62,79,28585,30.6706008583691
933,66,79,28651,30.708467309753484
934,43,79,28694,30.721627408993577
935,55,79,28749,30.7475935828877
936,12,79,28761,30.727564102564102
937,48,79,28809,30.74599786552828
938,50,79,28859,30.766524520255864
939,25,79,28884,30.76038338658147
940,28,79,28912,30.75744680851064
941,26,79,28938,30.752391073326248
942,19,79,28957,30.73991507430998
943,6,79,28963,30.713679745493106
944,45,79,29008,30.728813559322035
945,29,79,29037,30.726984126984128
946,19,79,29056,30.71458773784355
947,31,79,29087,30.714889123548048
948,31,79,29118,30.71518987341772
949,43,79,29161,30.72813487881981
950,52,79,29213,30.750526315789475
951,43,79,29256,30.763406940063092
952,74,79,29330,30.808823529411764
953,15,79,29345,30.792235047219307
954,28,79,29373,30.78930817610063
955,50,79,29423,30.809424083769635
956,58,79,29481,30.83786610878661
957,9,79,29490,30.815047021943574
958,37,79,29527,30.821503131524008
959,20,79,29547,30.81021897810219
960,24,79,29571,30.803125
961,17,79,29588,30.788761706555672
962,33,79,29621,30.79106029106029
963,31,79,29652,30.79127725856698
964,23,79,29675,30.783195020746888
965,18,79,29693,30.7699481865285
966,35,79,29728,30.77432712215321
967,32,79,29760,30.77559462254395
968,47,79,29807,30.792355371900825
969,16,79,29823,30.777089783281735
970,33,79,29856,30.77938144329897
971,19,79,29875,30.76725025746653
972,38,79,29913,30.77469135802469
973,26,79,29939,30.769784172661872
974,41,79,29980,30.78028747433265
975,27,79,30007,30.776410256410255
976,43,79,30050,30.78893442622951
977,18,79,30068,30.77584442169908
978,29,79,30097,30.77402862985685
979,29,79,30126,30.772216547497447
980,54,79,30180,30.79591836734694
981,75,79,30255,30.840978593272173
982,23,79,30278,30.832993890020365
983,43,79,30321,30.845371312309258
984,35,79,30356,30.849593495934958
985,75,79,30431,30.894416243654824
986,56,79,30487,30.919878296146045
987,38,79,30525,30.927051671732524
988,47,79,30572,30.94331983805668
989,24,79,30596,30.936299292214358
990,26,79,30622,30.931313131313132
991,32,79,30654,30.93239152371342
992,29,79,30683,30.930443548387096
993,32,79,30715,30.931520644511583
994,26,79,30741,30.92655935613682
995,36,79,30777,30.931658291457286
996,36,79,30813,30.936746987951807
997,31,79,30844,30.936810431293882
998,26,79,30870,30.93186372745491
999,53,79,30923,30.953953953953953
1000,14,79,30937,30.937
